snapshot_index,vector_index,target_id,timestamp,outcome,problem_type,message_seq,message_valid,lat_error_deg,lon_error_deg
1,1,a48850,1786673155,ROUNDTRIP_OK,,1,True,1.6443590276082887e-05,2.3213845038227987e-05
1,2,896175,1786673154,ROUNDTRIP_OK,,2,True,1.2235525183257323e-05,1.2213924461157433e-05
1,3,3849ff,1786673154,ROUNDTRIP_OK,,3,True,1.1854365311592119e-05,2.6544434201802858e-05
1,4,407fac,1786673154,ROUNDTRIP_OK,,4,True,1.337950548219169e-05,3.68505565795374e-05
1,5,3c815e,1786673142,ROUNDTRIP_OK,,5,True,1.1748364400432365e-05,5.901218878889836e-06
1,6,7c8066,1786673154,ROUNDTRIP_OK,,6,True,1.3419273692250044e-05,3.639014637002447e-05
1,7,45ce47,1786673154,ROUNDTRIP_OK,,7,True,1.310277291111106e-06,1.967311385797643e-06
1,8,3c5434,1786673154,ROUNDTRIP_OK,,8,True,1.7126087570318305e-06,3.973911754506787e-05
1,9,4b5d62,1786673153,ROUNDTRIP_OK,,9,True,8.706309486683494e-06,2.699375762915679e-07
1,10,4b5d54,1786673154,ROUNDTRIP_OK,,10,True,5.055500281514469e-06,4.064785018798034e-05
1,11,4b5d6e,1786673139,ROUNDTRIP_OK,,11,True,1.4112642787722507e-05,1.36242660548902e-05
1,12,4b5c39,1786673149,ROUNDTRIP_OK,,12,True,9.113790781611897e-06,1.602931405031427e-05
1,13,4b5c1b,1786673153,ROUNDTRIP_OK,,13,True,7.483865616109142e-06,2.8068644542855736e-05
1,14,48ea3a,1786673155,ROUNDTRIP_OK,,14,True,1.7890839082213006e-05,1.0426285133036117e-06
1,15,424cbf,1786673154,ROUNDTRIP_OK,,15,True,2.046282778422892e-05,1.1079600129804135e-05
1,16,a61c53,1786673154,ROUNDTRIP_OK,,16,True,1.0122087054753592e-05,3.252583327473246e-05
1,17,8966d5,1786673154,ROUNDTRIP_OK,,17,True,1.624503522634768e-05,2.4044257179056672e-05
1,18,4d253b,1786673154,ROUNDTRIP_OK,,18,True,9.711244032928334e-06,1.3384726870846464e-05
1,19,45b534,1786673153,ROUNDTRIP_OK,,19,True,1.0248258156764223e-05,3.656817351682662e-05
1,20,4d240c,1786673153,ROUNDTRIP_OK,,20,True,1.7420772877585478e-05,2.5245171835663882e-05
1,21,ad35c8,1786673154,ROUNDTRIP_OK,,21,True,7.288028548657621e-06,1.2239387553236725e-05
1,22,3889ff,1786673155,ROUNDTRIP_OK,,22,True,5.2518380186938884e-06,7.768895099680151e-06
1,23,4b17fd,1786673098,ROUNDTRIP_OK,,23,True,1.9115714820827634e-05,6.789638227644446e-06
2,1,a48850,1786673159,ROUNDTRIP_OK,,24,True,1.8388442612149447e-05,3.8668021865362334e-05
2,2,896175,1786673159,ROUNDTRIP_OK,,25,True,6.938268406031511e-06,3.434773310750927e-05
2,3,3849ff,1786673159,ROUNDTRIP_OK,,26,True,1.4999631687828696e-06,2.7359396783666057e-05
2,4,407fac,1786673158,ROUNDTRIP_OK,,27,True,6.859804827286098e-06,2.481122608699593e-05
2,5,3c815e,1786673142,ROUNDTRIP_OK,,28,True,1.1748364400432365e-05,5.901218878889836e-06
2,6,7c8066,1786673159,ROUNDTRIP_OK,,29,True,9.214570354743046e-06,2.9370410313589446e-05
2,7,45ce47,1786673160,ROUNDTRIP_OK,,30,True,8.102418931343891e-07,2.718623331521286e-05
2,8,3c5434,1786673159,ROUNDTRIP_OK,,31,True,1.7661384966061178e-05,3.79419655818225e-05
2,9,4b5d62,1786673156,ROUNDTRIP_OK,,32,True,8.706309486683494e-06,1.443922863586522e-05
2,10,4b5d54,1786673159,ROUNDTRIP_OK,,33,True,5.055500281514469e-06,2.674985571715638e-06
2,11,4b5d6e,1786673158,ROUNDTRIP_OK,,34,True,1.4633420619247772e-05,2.8608519695438872e-05
2,12,4b5c39,1786673156,ROUNDTRIP_OK,,35,True,9.113790781611897e-06,4.064785018798034e-05
2,13,4b5c1b,1786673154,ROUNDTRIP_OK,,36,True,7.483865616109142e-06,2.8068644542855736e-05
2,14,440b61,1786673159,ROUNDTRIP_OK,,37,True,3.769470154679766e-06,3.399854516938916e-05
2,15,48ea3a,1786673159,ROUNDTRIP_OK,,38,True,8.92625068615871e-06,2.906628351340146e-05
2,16,424cbf,1786673159,ROUNDTRIP_OK,,39,True,1.90379664388729e-06,3.255816280933743e-05
2,17,a61c53,1786673158,ROUNDTRIP_OK,,40,True,5.639792853173731e-06,4.592229013056226e-06
2,18,8966d5,1786673159,ROUNDTRIP_OK,,41,True,2.031984813299914e-05,1.3764670798721568e-05
2,19,4d253b,1786673159,ROUNDTRIP_OK,,42,True,3.328157269777421e-06,3.4073718581772994e-05
2,20,45b534,1786673158,ROUNDTRIP_OK,,43,True,2.9135949262126815e-06,2.3868876452226573e-05
2,21,4d240c,1786673159,ROUNDTRIP_OK,,44,True,1.2938478683111043e-05,3.519187813338931e-05
2,22,ad35c8,1786673159,ROUNDTRIP_OK,,45,True,1.3715175086304043e-05,3.34284146692454e-05
2,23,3889ff,1786673159,ROUNDTRIP_OK,,46,True,9.324934332255452e-06,2.1938186159253803e-05
2,24,4b17fd,1786673098,ROUNDTRIP_OK,,47,True,1.9115714820827634e-05,6.789638227644446e-06
3,1,a48850,1786673173,ROUNDTRIP_OK,,48,True,4.523063779515724e-06,2.4313622521532352e-05
3,2,896175,1786673173,ROUNDTRIP_OK,,49,True,6.438233000949367e-06,3.397751665179527e-05
3,3,3849ff,1786673173,ROUNDTRIP_OK,,50,True,1.2409403900903726e-05,4.185713335314034e-05
3,4,407fac,1786673172,ROUNDTRIP_OK,,51,True,1.3514259705971199e-05,3.8015422347825734e-05
3,5,3c815e,1786673173,ROUNDTRIP_OK,,52,True,3.643370533268353e-06,1.7625622195538426e-05
3,6,7c8066,1786673173,ROUNDTRIP_OK,,53,True,7.084609762841865e-06,4.2661224078699433e-05
3,7,45ce47,1786673173,ROUNDTRIP_OK,,54,True,9.561898608012598e-06,4.284525940256856e-05
3,8,3c5434,1786673173,ROUNDTRIP_OK,,55,True,8.009936351527358e-06,3.173719207971715e-05
3,9,4b5d62,1786673173,ROUNDTRIP_OK,,56,True,5.462981569337444e-06,1.36242660548902e-05
3,10,4b5d54,1786673173,ROUNDTRIP_OK,,57,True,1.9224791337535407e-05,2.4848633966456646e-05
3,11,4b5d6e,1786673163,ROUNDTRIP_OK,,58,True,1.4112642787722507e-05,2.8608519695438872e-05
3,12,4b5c39,1786673173,ROUNDTRIP_OK,,59,True,1.963227263246381e-05,3.90179250260303e-05
3,13,4b5c1b,1786673172,ROUNDTRIP_OK,,60,True,7.483865616109142e-06,2.8068644542855736e-05
3,14,440b61,1786673173,ROUNDTRIP_OK,,61,True,8.296968445620223e-08,2.7349025569556318e-05
3,15,48ea3a,1786673174,ROUNDTRIP_OK,,62,True,9.148623746568774e-06,4.2724953315698144e-05
3,16,424cbf,1786673173,ROUNDTRIP_OK,,63,True,1.9110564963398247e-05,1.8518690698243745e-05
3,17,a61c53,1786673173,ROUNDTRIP_OK,,64,True,7.807089765776709e-06,1.4022091409771065e-05
3,18,8966d5,1786673173,ROUNDTRIP_OK,,65,True,1.6745070631429826e-05,3.563311948706627e-05
3,19,4d253b,1786673174,ROUNDTRIP_OK,,66,True,1.626820952083108e-05,7.119156611778976e-06
3,20,45b534,1786673173,ROUNDTRIP_OK,,67,True,1.7867950901973018e-05,1.2249115025397828e-05
3,21,4d240c,1786673173,ROUNDTRIP_OK,,68,True,1.529081230700058e-05,1.8355254729485182e-05
3,22,ad35c8,1786673174,ROUNDTRIP_OK,,69,True,7.066370734776228e-06,3.0151612602224986e-06
3,23,3889ff,1786673173,ROUNDTRIP_OK,,70,True,1.8198685204140475e-05,3.63689032427672e-05
3,24,4b17fd,1786673098,ROUNDTRIP_OK,,71,True,1.9115714820827634e-05,6.789638227644446e-06
